{"Savepos":{"x":5.928231239318848,"y":26.649999618530275,"z":0.0},"SaveTime":166.75247192382813,"isSave":true}